Workbook

Sheet Çizelge
A1: NÖBET ÇİZELGESİ
A2: Kurum / birim
A3: Ayın ilk günü | B3: 46327 | C3: =IF(B3="","",CHOOSE(MONTH(B3),"Ocak","Şubat","Mart","Nisan","Mayıs","Haziran","Temmuz","Ağustos","Eylül","Ekim","Kasım","Aralık")&" "&YEAR(B3))
A4: Sarı hücreleri doldurun: ayın ilk gününü B3’e yazın, kişileri Personel sayfasına ekleyin. Günler ve hafta sonları kendiliğinden gelir; resmî tatilleri Tatil sütununa x yazarak işaretleyin. İlk satırdaki adlar örnektir.
A6: Tarih | B6: Gün | C6: Nöbetçi 1 | D6: Nöbetçi 2 | E6: İcap | F6: Tatil | G6: Açıklama | H6: HS
A7: =$B$3 | B7: =IF(A7="","",CHOOSE(WEEKDAY(A7,2),"Pazartesi","Salı","Çarşamba","Perşembe","Cuma","Cumartesi","Pazar")) | C7: Kişi 1 | D7: Kişi 2 | E7: Kişi 3 | H7: =IF(A7="","",IF(OR(WEEKDAY(A7,2)>5,F7<>""),1,0))
A8: =IF(A7="","",IF(MONTH(A7+1)=MONTH($B$3),A7+1,"")) | B8: =IF(A8="","",CHOOSE(WEEKDAY(A8,2),"Pazartesi","Salı","Çarşamba","Perşembe","Cuma","Cumartesi","Pazar")) | H8: =IF(A8="","",IF(OR(WEEKDAY(A8,2)>5,F8<>""),1,0))
A9: =IF(A8="","",IF(MONTH(A8+1)=MONTH($B$3),A8+1,"")) | B9: =IF(A9="","",CHOOSE(WEEKDAY(A9,2),"Pazartesi","Salı","Çarşamba","Perşembe","Cuma","Cumartesi","Pazar")) | H9: =IF(A9="","",IF(OR(WEEKDAY(A9,2)>5,F9<>""),1,0))
A10: =IF(A9="","",IF(MONTH(A9+1)=MONTH($B$3),A9+1,"")) | B10: =IF(A10="","",CHOOSE(WEEKDAY(A10,2),"Pazartesi","Salı","Çarşamba","Perşembe","Cuma","Cumartesi","Pazar")) | H10: =IF(A10="","",IF(OR(WEEKDAY(A10,2)>5,F10<>""),1,0))
A11: =IF(A10="","",IF(MONTH(A10+1)=MONTH($B$3),A10+1,"")) | B11: =IF(A11="","",CHOOSE(WEEKDAY(A11,2),"Pazartesi","Salı","Çarşamba","Perşembe","Cuma","Cumartesi","Pazar")) | H11: =IF(A11="","",IF(OR(WEEKDAY(A11,2)>5,F11<>""),1,0))
A12: =IF(A11="","",IF(MONTH(A11+1)=MONTH($B$3),A11+1,"")) | B12: =IF(A12="","",CHOOSE(WEEKDAY(A12,2),"Pazartesi","Salı","Çarşamba","Perşembe","Cuma","Cumartesi","Pazar")) | H12: =IF(A12="","",IF(OR(WEEKDAY(A12,2)>5,F12<>""),1,0))
A13: =IF(A12="","",IF(MONTH(A12+1)=MONTH($B$3),A12+1,"")) | B13: =IF(A13="","",CHOOSE(WEEKDAY(A13,2),"Pazartesi","Salı","Çarşamba","Perşembe","Cuma","Cumartesi","Pazar")) | H13: =IF(A13="","",IF(OR(WEEKDAY(A13,2)>5,F13<>""),1,0))
A14: =IF(A13="","",IF(MONTH(A13+1)=MONTH($B$3),A13+1,"")) | B14: =IF(A14="","",CHOOSE(WEEKDAY(A14,2),"Pazartesi","Salı","Çarşamba","Perşembe","Cuma","Cumartesi","Pazar")) | H14: =IF(A14="","",IF(OR(WEEKDAY(A14,2)>5,F14<>""),1,0))
A15: =IF(A14="","",IF(MONTH(A14+1)=MONTH($B$3),A14+1,"")) | B15: =IF(A15="","",CHOOSE(WEEKDAY(A15,2),"Pazartesi","Salı","Çarşamba","Perşembe","Cuma","Cumartesi","Pazar")) | H15: =IF(A15="","",IF(OR(WEEKDAY(A15,2)>5,F15<>""),1,0))
A16: =IF(A15="","",IF(MONTH(A15+1)=MONTH($B$3),A15+1,"")) | B16: =IF(A16="","",CHOOSE(WEEKDAY(A16,2),"Pazartesi","Salı","Çarşamba","Perşembe","Cuma","Cumartesi","Pazar")) | H16: =IF(A16="","",IF(OR(WEEKDAY(A16,2)>5,F16<>""),1,0))
A17: =IF(A16="","",IF(MONTH(A16+1)=MONTH($B$3),A16+1,"")) | B17: =IF(A17="","",CHOOSE(WEEKDAY(A17,2),"Pazartesi","Salı","Çarşamba","Perşembe","Cuma","Cumartesi","Pazar")) | H17: =IF(A17="","",IF(OR(WEEKDAY(A17,2)>5,F17<>""),1,0))
A18: =IF(A17="","",IF(MONTH(A17+1)=MONTH($B$3),A17+1,"")) | B18: =IF(A18="","",CHOOSE(WEEKDAY(A18,2),"Pazartesi","Salı","Çarşamba","Perşembe","Cuma","Cumartesi","Pazar")) | H18: =IF(A18="","",IF(OR(WEEKDAY(A18,2)>5,F18<>""),1,0))
A19: =IF(A18="","",IF(MONTH(A18+1)=MONTH($B$3),A18+1,"")) | B19: =IF(A19="","",CHOOSE(WEEKDAY(A19,2),"Pazartesi","Salı","Çarşamba","Perşembe","Cuma","Cumartesi","Pazar")) | H19: =IF(A19="","",IF(OR(WEEKDAY(A19,2)>5,F19<>""),1,0))
... A37: =IF(A36="","",IF(MONTH(A36+1)=MONTH($B$3),A36+1,"")) | B37: =IF(A37="","",CHOOSE(WEEKDAY(A37,2),"Pazartesi","Salı","Çarşamba","Perşembe","Cuma","Cumartesi","Pazar")) | H37: =IF(A37="","",IF(OR(WEEKDAY(A37,2)>5,F37<>""),1,0))

Sheet Personel
A1: PERSONEL VE NÖBET SAYILARI
A2: A sütununa adları yazın (en fazla 20 kişi). Sayılar Çizelge sayfasından kendiliğinden hesaplanır; “Kişi 1–3” örnektir.
A4: Ad soyad | B4: Nöbet | C4: Hafta sonu / tatil | D4: İcap | E4: Toplam
A5: Kişi 1 | B5: =IF(A5="","",COUNTIF('Çizelge'!$C$7:$D$37,A5)) | C5: =IF(A5="","",COUNTIFS('Çizelge'!$C$7:$C$37,A5,'Çizelge'!$H$7:$H$37,1)+COUNTIFS('Çizelge'!$D$7:$D$37,A5,'Çizelge'!$H$7:$H$37,1)) | D5: =IF(A5="","",COUNTIF('Çizelge'!$E$7:$E$37,A5)) | E5: =IF(A5="","",B5+D5)
A6: Kişi 2 | B6: =IF(A6="","",COUNTIF('Çizelge'!$C$7:$D$37,A6)) | C6: =IF(A6="","",COUNTIFS('Çizelge'!$C$7:$C$37,A6,'Çizelge'!$H$7:$H$37,1)+COUNTIFS('Çizelge'!$D$7:$D$37,A6,'Çizelge'!$H$7:$H$37,1)) | D6: =IF(A6="","",COUNTIF('Çizelge'!$E$7:$E$37,A6)) | E6: =IF(A6="","",B6+D6)
A7: Kişi 3 | B7: =IF(A7="","",COUNTIF('Çizelge'!$C$7:$D$37,A7)) | C7: =IF(A7="","",COUNTIFS('Çizelge'!$C$7:$C$37,A7,'Çizelge'!$H$7:$H$37,1)+COUNTIFS('Çizelge'!$D$7:$D$37,A7,'Çizelge'!$H$7:$H$37,1)) | D7: =IF(A7="","",COUNTIF('Çizelge'!$E$7:$E$37,A7)) | E7: =IF(A7="","",B7+D7)
B8: =IF(A8="","",COUNTIF('Çizelge'!$C$7:$D$37,A8)) | C8: =IF(A8="","",COUNTIFS('Çizelge'!$C$7:$C$37,A8,'Çizelge'!$H$7:$H$37,1)+COUNTIFS('Çizelge'!$D$7:$D$37,A8,'Çizelge'!$H$7:$H$37,1)) | D8: =IF(A8="","",COUNTIF('Çizelge'!$E$7:$E$37,A8)) | E8: =IF(A8="","",B8+D8)
B9: =IF(A9="","",COUNTIF('Çizelge'!$C$7:$D$37,A9)) | C9: =IF(A9="","",COUNTIFS('Çizelge'!$C$7:$C$37,A9,'Çizelge'!$H$7:$H$37,1)+COUNTIFS('Çizelge'!$D$7:$D$37,A9,'Çizelge'!$H$7:$H$37,1)) | D9: =IF(A9="","",COUNTIF('Çizelge'!$E$7:$E$37,A9)) | E9: =IF(A9="","",B9+D9)
B10: =IF(A10="","",COUNTIF('Çizelge'!$C$7:$D$37,A10)) | C10: =IF(A10="","",COUNTIFS('Çizelge'!$C$7:$C$37,A10,'Çizelge'!$H$7:$H$37,1)+COUNTIFS('Çizelge'!$D$7:$D$37,A10,'Çizelge'!$H$7:$H$37,1)) | D10: =IF(A10="","",COUNTIF('Çizelge'!$E$7:$E$37,A10)) | E10: =IF(A10="","",B10+D10)
B11: =IF(A11="","",COUNTIF('Çizelge'!$C$7:$D$37,A11)) | C11: =IF(A11="","",COUNTIFS('Çizelge'!$C$7:$C$37,A11,'Çizelge'!$H$7:$H$37,1)+COUNTIFS('Çizelge'!$D$7:$D$37,A11,'Çizelge'!$H$7:$H$37,1)) | D11: =IF(A11="","",COUNTIF('Çizelge'!$E$7:$E$37,A11)) | E11: =IF(A11="","",B11+D11)
B12: =IF(A12="","",COUNTIF('Çizelge'!$C$7:$D$37,A12)) | C12: =IF(A12="","",COUNTIFS('Çizelge'!$C$7:$C$37,A12,'Çizelge'!$H$7:$H$37,1)+COUNTIFS('Çizelge'!$D$7:$D$37,A12,'Çizelge'!$H$7:$H$37,1)) | D12: =IF(A12="","",COUNTIF('Çizelge'!$E$7:$E$37,A12)) | E12: =IF(A12="","",B12+D12)
B13: =IF(A13="","",COUNTIF('Çizelge'!$C$7:$D$37,A13)) | C13: =IF(A13="","",COUNTIFS('Çizelge'!$C$7:$C$37,A13,'Çizelge'!$H$7:$H$37,1)+COUNTIFS('Çizelge'!$D$7:$D$37,A13,'Çizelge'!$H$7:$H$37,1)) | D13: =IF(A13="","",COUNTIF('Çizelge'!$E$7:$E$37,A13)) | E13: =IF(A13="","",B13+D13)
B14: =IF(A14="","",COUNTIF('Çizelge'!$C$7:$D$37,A14)) | C14: =IF(A14="","",COUNTIFS('Çizelge'!$C$7:$C$37,A14,'Çizelge'!$H$7:$H$37,1)+COUNTIFS('Çizelge'!$D$7:$D$37,A14,'Çizelge'!$H$7:$H$37,1)) | D14: =IF(A14="","",COUNTIF('Çizelge'!$E$7:$E$37,A14)) | E14: =IF(A14="","",B14+D14)
B15: =IF(A15="","",COUNTIF('Çizelge'!$C$7:$D$37,A15)) | C15: =IF(A15="","",COUNTIFS('Çizelge'!$C$7:$C$37,A15,'Çizelge'!$H$7:$H$37,1)+COUNTIFS('Çizelge'!$D$7:$D$37,A15,'Çizelge'!$H$7:$H$37,1)) | D15: =IF(A15="","",COUNTIF('Çizelge'!$E$7:$E$37,A15)) | E15: =IF(A15="","",B15+D15)
B16: =IF(A16="","",COUNTIF('Çizelge'!$C$7:$D$37,A16)) | C16: =IF(A16="","",COUNTIFS('Çizelge'!$C$7:$C$37,A16,'Çizelge'!$H$7:$H$37,1)+COUNTIFS('Çizelge'!$D$7:$D$37,A16,'Çizelge'!$H$7:$H$37,1)) | D16: =IF(A16="","",COUNTIF('Çizelge'!$E$7:$E$37,A16)) | E16: =IF(A16="","",B16+D16)
B17: =IF(A17="","",COUNTIF('Çizelge'!$C$7:$D$37,A17)) | C17: =IF(A17="","",COUNTIFS('Çizelge'!$C$7:$C$37,A17,'Çizelge'!$H$7:$H$37,1)+COUNTIFS('Çizelge'!$D$7:$D$37,A17,'Çizelge'!$H$7:$H$37,1)) | D17: =IF(A17="","",COUNTIF('Çizelge'!$E$7:$E$37,A17)) | E17: =IF(A17="","",B17+D17)
B18: =IF(A18="","",COUNTIF('Çizelge'!$C$7:$D$37,A18)) | C18: =IF(A18="","",COUNTIFS('Çizelge'!$C$7:$C$37,A18,'Çizelge'!$H$7:$H$37,1)+COUNTIFS('Çizelge'!$D$7:$D$37,A18,'Çizelge'!$H$7:$H$37,1)) | D18: =IF(A18="","",COUNTIF('Çizelge'!$E$7:$E$37,A18)) | E18: =IF(A18="","",B18+D18)
B19: =IF(A19="","",COUNTIF('Çizelge'!$C$7:$D$37,A19)) | C19: =IF(A19="","",COUNTIFS('Çizelge'!$C$7:$C$37,A19,'Çizelge'!$H$7:$H$37,1)+COUNTIFS('Çizelge'!$D$7:$D$37,A19,'Çizelge'!$H$7:$H$37,1)) | D19: =IF(A19="","",COUNTIF('Çizelge'!$E$7:$E$37,A19)) | E19: =IF(A19="","",B19+D19)
... B24: =IF(A24="","",COUNTIF('Çizelge'!$C$7:$D$37,A24)) | C24: =IF(A24="","",COUNTIFS('Çizelge'!$C$7:$C$37,A24,'Çizelge'!$H$7:$H$37,1)+COUNTIFS('Çizelge'!$D$7:$D$37,A24,'Çizelge'!$H$7:$H$37,1)) | D24: =IF(A24="","",COUNTIF('Çizelge'!$E$7:$E$37,A24)) | E24: =IF(A24="","",B24+D24)
A26: Toplam | B26: =SUM(B5:B24) | C26: =SUM(C5:C24) | D26: =SUM(D5:D24) | E26: =SUM(E5:E24)
